[
  {
    "country": "India",
    "city": "New Delhi"
  },
  {
    "country": "Ukraine",
    "city": "Kyiv"
  },
  {
    "country": "Malaysia",
    "city": "Kuala Lumpur"
  },
  {
    "country": "Nigeria",
    "city": "Abuja"
  },
  {
    "country": "Maldives",
    "city": "Male"
  },
  {
    "country": "United Kingdom",
    "city": "London"
  },
  {
    "country": "Faroe Islands",
    "city": "Tórshavn"
  },
  {
    "country": "Sweden",
    "city": "Stockholm"
  },
  {
    "country": "France",
    "city": "Paris"
  },
  {
    "country": "Mali",
    "city": "Bamako"
  },
  {
    "country": "Azerbaijan",
    "city": "Baku"
  },
  {
    "country": "Jamaica",
    "city": "Kingston"
  },
  {
    "country": "Palau",
    "city": "Koror"
  },
  {
    "country": "Russian",
    "city": "Moscow"
  },
  {
    "country": "Austria",
    "city": "Wien"
  },
  {
    "country": "Bulgaria",
    "city": "Sofia"
  },
  {
    "country": "Italy",
    "city": "Roma"
  },
  {
    "country": "Northern Ireland",
    "city": "Belfast"
  },
  {
    "country": "Virgin Islands, U.S.",
    "city": "Charlotte Amalie"
  },
  {
    "country": "Venezuela",
    "city": "Caracas"
  },
  {
    "country": "Yemen",
    "city": "Sanaa"
  },
  {
    "country": "Romania",
    "city": "Bucuresti"
  },
  {
    "country": "Paraguay",
    "city": "Asunción"
  },
  {
    "country": "Algeria",
    "city": "Alger"
  },
  {
    "country": "Antigua and Barbuda",
    "city": "Saint John's"
  },
  {
    "country": "Bahrain",
    "city": "al-Manama"
  },
  {
    "country": "Slovakia",
    "city": "Bratislava"
  },
  {
    "country": "Singapore",
    "city": "Singapore"
  },
  {
    "country": "Guinea",
    "city": "Conakry"
  },

  {
    "country": "Ukraine",
    "city": "Kyiv"
  },
  {
    "country": "Gambia",
    "city": "Banjul"
  },
  {
    "country": "Marshall Islands",
    "city": "Dalap-Uliga-Darrit"
  },
  {
    "country": "Malaysia",
    "city": "Kuala Lumpur"
  },
  {
    "country": "Nigeria",
    "city": "Abuja"
  },
  {
    "country": "Maldives",
    "city": "Male"
  },
  {
    "country": "United Kingdom",
    "city": "London"
  },
  {
    "country": "Faroe Islands",
    "city": "Tórshavn"
  },
  {
    "country": "Sweden",
    "city": "Stockholm"
  },
  {
    "country": "France",
    "city": "Paris"
  },
  {
    "country": "Mali",
    "city": "Bamako"
  },
  {
    "country": "Macao",
    "city": "Macao"
  },
  {
    "country": "Azerbaijan",
    "city": "Baku"
  },
  {
    "country": "Jamaica",
    "city": "Kingston"
  },
  {
    "country": "Palau",
    "city": "Koror"
  },
  {
    "country": "Russian Federation",
    "city": "Moscow"
  },
  {
    "country": "Austria",
    "city": "Wien"
  },
  {
    "country": "Bulgaria",
    "city": "Sofia"
  },
  {
    "country": "Monaco",
    "city": "Monaco-Ville"
  },
  {
    "country": "Italy",
    "city": "Roma"
  },
  {
    "country": "Northern Ireland",
    "city": "Belfast"
  }
]
